Category,ProductName,QuantityPurchased
"Beauty & Health",Product_68,4
"Beauty & Health",Product_66,4
"Beauty & Health",Product_190,4
"Beauty & Health",Product_60,4
"Beauty & Health",Product_135,4
"Beauty & Health",Product_17,4
"Beauty & Health",Product_160,4
"Beauty & Health",Product_22,4
"Beauty & Health",Product_165,4
"Beauty & Health",Product_139,4
"Beauty & Health",Product_135,4
"Beauty & Health",Product_102,4
"Beauty & Health",Product_44,4
"Beauty & Health",Product_123,4
"Beauty & Health",Product_121,4
"Beauty & Health",Product_66,4
"Beauty & Health",Product_146,4
"Beauty & Health",Product_110,4
"Beauty & Health",Product_192,4
"Beauty & Health",Product_190,4
"Beauty & Health",Product_148,4
"Beauty & Health",Product_118,4
"Beauty & Health",Product_125,4
"Beauty & Health",Product_107,4
"Beauty & Health",Product_134,4
"Beauty & Health",Product_66,4
"Beauty & Health",Product_146,4
"Beauty & Health",Product_20,4
"Beauty & Health",Product_138,4
"Beauty & Health",Product_150,4
"Beauty & Health",Product_187,4
"Beauty & Health",Product_148,4
"Beauty & Health",Product_135,4
"Beauty & Health",Product_125,4
"Beauty & Health",Product_107,4
"Beauty & Health",Product_22,4
"Beauty & Health",Product_90,4
"Beauty & Health",Product_135,4
"Beauty & Health",Product_17,4
"Beauty & Health",Product_121,4
"Beauty & Health",Product_68,4
"Beauty & Health",Product_166,4
"Beauty & Health",Product_66,4
"Beauty & Health",Product_49,4
"Beauty & Health",Product_183,4
"Beauty & Health",Product_188,4
"Beauty & Health",Product_110,4
"Beauty & Health",Product_5,4
"Beauty & Health",Product_172,4
"Beauty & Health",Product_188,4
"Beauty & Health",Product_95,4
"Beauty & Health",Product_102,4
"Beauty & Health",Product_192,4
"Beauty & Health",Product_135,4
"Beauty & Health",Product_167,4
"Beauty & Health",Product_172,4
"Beauty & Health",Product_188,4
"Beauty & Health",Product_20,4
"Beauty & Health",Product_125,4
"Beauty & Health",Product_23,4
"Beauty & Health",Product_138,4
"Beauty & Health",Product_150,4
"Beauty & Health",Product_90,4
"Beauty & Health",Product_35,4
"Beauty & Health",Product_139,4
"Beauty & Health",Product_22,4
"Beauty & Health",Product_192,4
"Beauty & Health",Product_167,4
"Beauty & Health",Product_158,4
"Beauty & Health",Product_192,4
"Beauty & Health",Product_90,4
"Beauty & Health",Product_110,4
"Beauty & Health",Product_68,4
"Beauty & Health",Product_43,4
"Beauty & Health",Product_140,4
"Beauty & Health",Product_103,4
"Beauty & Health",Product_134,4
"Beauty & Health",Product_121,4
"Beauty & Health",Product_102,4
"Beauty & Health",Product_160,4
"Beauty & Health",Product_66,4
"Beauty & Health",Product_17,4
"Beauty & Health",Product_17,4
"Beauty & Health",Product_68,4
"Beauty & Health",Product_22,4
"Beauty & Health",Product_188,4
"Beauty & Health",Product_95,4
"Beauty & Health",Product_44,4
"Beauty & Health",Product_110,4
"Beauty & Health",Product_17,4
"Beauty & Health",Product_188,4
"Beauty & Health",Product_190,4
"Beauty & Health",Product_68,4
"Beauty & Health",Product_125,4
"Beauty & Health",Product_49,4
"Beauty & Health",Product_20,4
"Beauty & Health",Product_22,4
"Beauty & Health",Product_150,4
"Beauty & Health",Product_146,4
"Beauty & Health",Product_186,4
"Beauty & Health",Product_125,4
"Beauty & Health",Product_186,4
"Beauty & Health",Product_183,4
"Beauty & Health",Product_162,4
"Beauty & Health",Product_183,4
"Beauty & Health",Product_17,4
"Beauty & Health",Product_107,4
"Beauty & Health",Product_23,4
"Beauty & Health",Product_43,4
"Beauty & Health",Product_118,4
"Beauty & Health",Product_95,4
"Beauty & Health",Product_35,4
"Beauty & Health",Product_110,4
"Beauty & Health",Product_103,4
"Beauty & Health",Product_190,4
"Beauty & Health",Product_105,4
"Beauty & Health",Product_187,4
"Beauty & Health",Product_22,4
"Beauty & Health",Product_125,4
"Beauty & Health",Product_183,4
"Beauty & Health",Product_166,4
"Beauty & Health",Product_187,4
"Beauty & Health",Product_60,4
"Beauty & Health",Product_5,4
"Beauty & Health",Product_174,4
"Beauty & Health",Product_95,4
"Beauty & Health",Product_140,4
"Beauty & Health",Product_139,4
"Beauty & Health",Product_50,4
"Beauty & Health",Product_50,4
"Beauty & Health",Product_139,4
"Beauty & Health",Product_107,4
"Beauty & Health",Product_148,4
"Beauty & Health",Product_148,4
"Beauty & Health",Product_60,4
"Beauty & Health",Product_25,4
"Beauty & Health",Product_125,4
"Beauty & Health",Product_167,4
"Beauty & Health",Product_95,4
"Beauty & Health",Product_172,4
"Beauty & Health",Product_150,4
"Beauty & Health",Product_103,4
"Beauty & Health",Product_183,4
"Beauty & Health",Product_125,4
"Beauty & Health",Product_23,4
"Beauty & Health",Product_105,4
"Beauty & Health",Product_186,4
"Beauty & Health",Product_25,4
"Beauty & Health",Product_157,4
"Beauty & Health",Product_110,4
"Beauty & Health",Product_125,4
"Beauty & Health",Product_121,4
"Beauty & Health",Product_134,4
"Beauty & Health",Product_183,4
"Beauty & Health",Product_146,4
"Beauty & Health",Product_162,4
"Beauty & Health",Product_97,4
"Beauty & Health",Product_35,4
"Beauty & Health",Product_172,4
"Beauty & Health",Product_146,4
"Beauty & Health",Product_125,4
"Beauty & Health",Product_134,4
"Beauty & Health",Product_190,4
"Beauty & Health",Product_102,4
"Beauty & Health",Product_43,4
"Beauty & Health",Product_192,4
"Beauty & Health",Product_44,4
"Beauty & Health",Product_146,4
"Beauty & Health",Product_90,4
"Beauty & Health",Product_110,4
"Beauty & Health",Product_172,4
"Beauty & Health",Product_190,4
"Beauty & Health",Product_123,4
"Beauty & Health",Product_35,4
"Beauty & Health",Product_134,4
"Beauty & Health",Product_135,4
"Beauty & Health",Product_188,4
"Beauty & Health",Product_160,4
"Beauty & Health",Product_20,4
"Beauty & Health",Product_103,4
"Beauty & Health",Product_172,4
"Beauty & Health",Product_146,4
"Beauty & Health",Product_20,4
"Beauty & Health",Product_186,4
"Beauty & Health",Product_139,4
"Beauty & Health",Product_159,4
"Beauty & Health",Product_44,4
"Beauty & Health",Product_157,4
"Beauty & Health",Product_17,4
"Beauty & Health",Product_165,4
"Beauty & Health",Product_102,4
"Beauty & Health",Product_192,4
"Beauty & Health",Product_23,4
"Beauty & Health",Product_165,4
"Beauty & Health",Product_187,4
"Beauty & Health",Product_118,4
"Beauty & Health",Product_192,4
"Beauty & Health",Product_123,4
"Beauty & Health",Product_68,4
"Beauty & Health",Product_66,4
"Beauty & Health",Product_17,4
"Beauty & Health",Product_35,4
"Beauty & Health",Product_118,4
"Beauty & Health",Product_23,4
"Beauty & Health",Product_192,4
"Beauty & Health",Product_134,4
"Beauty & Health",Product_97,4
"Beauty & Health",Product_103,4
"Beauty & Health",Product_103,4
"Beauty & Health",Product_188,4
"Beauty & Health",Product_49,4
"Beauty & Health",Product_140,4
"Beauty & Health",Product_17,4
"Beauty & Health",Product_138,4
"Beauty & Health",Product_157,4
"Beauty & Health",Product_158,4
"Beauty & Health",Product_22,4
"Beauty & Health",Product_103,4
"Beauty & Health",Product_183,4
"Beauty & Health",Product_165,4
"Beauty & Health",Product_187,4
"Beauty & Health",Product_68,4
"Beauty & Health",Product_166,4
"Beauty & Health",Product_125,4
"Beauty & Health",Product_17,4
"Beauty & Health",Product_90,4
"Beauty & Health",Product_146,4
"Beauty & Health",Product_118,4
"Beauty & Health",Product_103,4
"Beauty & Health",Product_17,4
"Beauty & Health",Product_68,4
"Beauty & Health",Product_22,4
"Beauty & Health",Product_107,4
"Beauty & Health",Product_5,4
"Beauty & Health",Product_35,4
"Beauty & Health",Product_134,4
"Beauty & Health",Product_50,4
"Beauty & Health",Product_135,4
"Beauty & Health",Product_146,4
"Beauty & Health",Product_150,4
"Beauty & Health",Product_172,4
"Beauty & Health",Product_190,4
"Beauty & Health",Product_167,4
"Beauty & Health",Product_20,4
"Beauty & Health",Product_25,4
"Beauty & Health",Product_148,4
"Beauty & Health",Product_97,4
"Beauty & Health",Product_186,4
"Beauty & Health",Product_97,4
"Beauty & Health",Product_50,4
"Beauty & Health",Product_23,4
"Beauty & Health",Product_135,4
"Beauty & Health",Product_118,4
"Beauty & Health",Product_166,4
"Beauty & Health",Product_183,4
"Beauty & Health",Product_165,4
"Beauty & Health",Product_167,4
"Beauty & Health",Product_172,4
"Beauty & Health",Product_110,4
"Beauty & Health",Product_135,4
"Beauty & Health",Product_125,4
"Beauty & Health",Product_166,4
"Beauty & Health",Product_49,4
"Beauty & Health",Product_135,4
"Beauty & Health",Product_105,4
"Beauty & Health",Product_140,4
"Beauty & Health",Product_44,4
"Beauty & Health",Product_121,4
"Beauty & Health",Product_138,4
"Beauty & Health",Product_188,4
"Beauty & Health",Product_118,4
"Beauty & Health",Product_125,4
"Beauty & Health",Product_103,4
"Beauty & Health",Product_158,4
"Beauty & Health",Product_118,4
"Beauty & Health",Product_5,4
"Beauty & Health",Product_140,4
"Beauty & Health",Product_105,4
"Beauty & Health",Product_138,4
"Beauty & Health",Product_186,4
Clothing,Product_19,4
Clothing,Product_51,4
Clothing,Product_124,4
Clothing,Product_156,4
Clothing,Product_42,4
Clothing,Product_33,4
Clothing,Product_164,4
Clothing,Product_200,4
Clothing,Product_87,4
Clothing,Product_48,4
Clothing,Product_179,4
Clothing,Product_74,4
Clothing,Product_143,4
Clothing,Product_51,4
Clothing,Product_4,4
Clothing,Product_51,4
Clothing,Product_4,4
Clothing,Product_122,4
Clothing,Product_115,4
Clothing,Product_41,4
Clothing,Product_40,4
Clothing,Product_79,4
Clothing,Product_193,4
Clothing,Product_51,4
Clothing,Product_200,4
Clothing,Product_100,4
Clothing,Product_42,4
Clothing,Product_48,4
Clothing,Product_74,4
Clothing,Product_100,4
Clothing,Product_93,4
Clothing,Product_178,4
Clothing,Product_170,4
Clothing,Product_164,4
Clothing,Product_61,4
Clothing,Product_74,4
Clothing,Product_39,4
Clothing,Product_9,4
Clothing,Product_48,4
Clothing,Product_128,4
Clothing,Product_128,4
Clothing,Product_200,4
Clothing,Product_122,4
Clothing,Product_82,4
Clothing,Product_178,4
Clothing,Product_193,4
Clothing,Product_200,4
Clothing,Product_79,4
Clothing,Product_179,4
Clothing,Product_87,4
Clothing,Product_143,4
Clothing,Product_161,4
Clothing,Product_156,4
Clothing,Product_40,4
Clothing,Product_51,4
Clothing,Product_128,4
Clothing,Product_168,4
Clothing,Product_40,4
Clothing,Product_124,4
Clothing,Product_41,4
Clothing,Product_65,4
Clothing,Product_82,4
Clothing,Product_113,4
Clothing,Product_177,4
Clothing,Product_193,4
Clothing,Product_87,4
Clothing,Product_161,4
Clothing,Product_161,4
Clothing,Product_173,4
Clothing,Product_19,4
Clothing,Product_33,4
Clothing,Product_87,4
Clothing,Product_161,4
Clothing,Product_87,4
Clothing,Product_179,4
Clothing,Product_1,4
Clothing,Product_122,4
Clothing,Product_173,4
Clothing,Product_61,4
Clothing,Product_41,4
Clothing,Product_82,4
Clothing,Product_79,4
Clothing,Product_87,4
Clothing,Product_177,4
Clothing,Product_164,4
Clothing,Product_164,4
Clothing,Product_124,4
Clothing,Product_42,4
Clothing,Product_19,4
Clothing,Product_87,4
Clothing,Product_47,4
Clothing,Product_163,4
Clothing,Product_79,4
Clothing,Product_42,4
Clothing,Product_93,4
Clothing,Product_9,4
Clothing,Product_193,4
Clothing,Product_177,4
Clothing,Product_51,4
Clothing,Product_48,4
Clothing,Product_168,4
Clothing,Product_39,4
Clothing,Product_93,4
Clothing,Product_9,4
Clothing,Product_42,4
Clothing,Product_93,4
Clothing,Product_122,4
Clothing,Product_143,4
Clothing,Product_115,4
Clothing,Product_173,4
Clothing,Product_180,4
Clothing,Product_9,4
Clothing,Product_40,4
Clothing,Product_115,4
Clothing,Product_79,4
Clothing,Product_143,4
Clothing,Product_144,4
Clothing,Product_93,4
Clothing,Product_170,4
Clothing,Product_170,4
Clothing,Product_100,4
Clothing,Product_4,4
Clothing,Product_104,4
Clothing,Product_200,4
Clothing,Product_100,4
Clothing,Product_164,4
Clothing,Product_170,4
Clothing,Product_74,4
Clothing,Product_9,4
Clothing,Product_179,4
Clothing,Product_82,4
Clothing,Product_100,4
Clothing,Product_128,4
Clothing,Product_180,4
Clothing,Product_128,4
Clothing,Product_128,4
Clothing,Product_19,4
Clothing,Product_65,4
Clothing,Product_104,4
Clothing,Product_111,4
Clothing,Product_143,4
Clothing,Product_149,4
Clothing,Product_143,4
Clothing,Product_48,4
Clothing,Product_170,4
Clothing,Product_39,4
Clothing,Product_93,4
Clothing,Product_179,4
Clothing,Product_113,4
Clothing,Product_128,4
Clothing,Product_156,4
Clothing,Product_104,4
Clothing,Product_65,4
Clothing,Product_168,4
Clothing,Product_87,4
Clothing,Product_147,4
Clothing,Product_111,4
Clothing,Product_173,4
Clothing,Product_61,4
Clothing,Product_61,4
Clothing,Product_79,4
Clothing,Product_4,4
Clothing,Product_74,4
Clothing,Product_48,4
Clothing,Product_104,4
Clothing,Product_82,4
Clothing,Product_168,4
Clothing,Product_177,4
Clothing,Product_40,4
Clothing,Product_40,4
Clothing,Product_144,4
Clothing,Product_156,4
Clothing,Product_61,4
Clothing,Product_65,4
Clothing,Product_122,4
Clothing,Product_33,4
Clothing,Product_168,4
Clothing,Product_122,4
Clothing,Product_33,4
Clothing,Product_173,4
Clothing,Product_177,4
Clothing,Product_39,4
Clothing,Product_104,4
Clothing,Product_65,4
Clothing,Product_180,4
Clothing,Product_65,4
Clothing,Product_48,4
Clothing,Product_48,4
Clothing,Product_9,4
Clothing,Product_177,4
Clothing,Product_128,4
Clothing,Product_170,4
Clothing,Product_65,4
Clothing,Product_200,4
Clothing,Product_51,4
Clothing,Product_143,4
Clothing,Product_180,4
Clothing,Product_61,4
Clothing,Product_4,4
Clothing,Product_141,4
Clothing,Product_177,4
Clothing,Product_173,4
Clothing,Product_143,4
Clothing,Product_177,4
Clothing,Product_100,4
Clothing,Product_104,4
Clothing,Product_1,4
Clothing,Product_170,4
Clothing,Product_193,4
Clothing,Product_168,4
Clothing,Product_39,4
Clothing,Product_144,4
Clothing,Product_179,4
Clothing,Product_113,4
Clothing,Product_161,4
Clothing,Product_93,4
Clothing,Product_143,4
Clothing,Product_65,4
Clothing,Product_79,4
Clothing,Product_39,4
Clothing,Product_173,4
Clothing,Product_82,4
Clothing,Product_93,4
Clothing,Product_173,4
Clothing,Product_93,4
Clothing,Product_144,4
Clothing,Product_74,4
Clothing,Product_79,4
Clothing,Product_104,4
Clothing,Product_104,4
Clothing,Product_144,4
Clothing,Product_19,4
Clothing,Product_200,4
Clothing,Product_164,4
Clothing,Product_173,4
Clothing,Product_128,4
Clothing,Product_115,4
Clothing,Product_141,4
Clothing,Product_170,4
Clothing,Product_9,4
Clothing,Product_40,4
Clothing,Product_40,4
Clothing,Product_104,4
Clothing,Product_144,4
Clothing,Product_74,4
Clothing,Product_115,4
Clothing,Product_170,4
Clothing,Product_156,4
Clothing,Product_177,4
Clothing,Product_177,4
Clothing,Product_200,4
Clothing,Product_87,4
Clothing,Product_147,4
Clothing,Product_61,4
Clothing,Product_65,4
Clothing,Product_170,4
Clothing,Product_74,4
Clothing,Product_9,4
Clothing,Product_193,4
Clothing,Product_42,4
Clothing,Product_87,4
Clothing,Product_82,4
Clothing,Product_82,4
Clothing,Product_9,4
Clothing,Product_100,4
Clothing,Product_19,4
Electronics,Product_182,4
Electronics,Product_13,4
Electronics,Product_114,4
Electronics,Product_198,4
Electronics,Product_54,4
Electronics,Product_197,4
Electronics,Product_151,4
Electronics,Product_13,4
Electronics,Product_98,4
Electronics,Product_127,4
Electronics,Product_189,4
Electronics,Product_54,4
Electronics,Product_88,4
Electronics,Product_84,4
Electronics,Product_112,4
Electronics,Product_120,4
Electronics,Product_13,4
Electronics,Product_129,4
Electronics,Product_13,4
Electronics,Product_24,4
Electronics,Product_27,4
Electronics,Product_130,4
Electronics,Product_98,4
Electronics,Product_137,4
Electronics,Product_11,4
Electronics,Product_36,4
Electronics,Product_182,4
Electronics,Product_120,4
Electronics,Product_153,4
Electronics,Product_181,4
Electronics,Product_24,4
Electronics,Product_131,4
Electronics,Product_54,4
Electronics,Product_119,4
Electronics,Product_182,4
Electronics,Product_153,4
Electronics,Product_27,4
Electronics,Product_127,4
Electronics,Product_137,4
Electronics,Product_153,4
Electronics,Product_88,4
Electronics,Product_126,4
Electronics,Product_12,4
Electronics,Product_112,4
Electronics,Product_14,4
Electronics,Product_119,4
Electronics,Product_56,4
Electronics,Product_189,4
Electronics,Product_80,4
Electronics,Product_129,4
Electronics,Product_119,4
Electronics,Product_36,4
Electronics,Product_84,4
Electronics,Product_54,4
Electronics,Product_84,4
Electronics,Product_137,4
Electronics,Product_71,4
Electronics,Product_98,4
Electronics,Product_132,4
Electronics,Product_114,4
Electronics,Product_198,4
Electronics,Product_67,4
Electronics,Product_71,4
Electronics,Product_32,4
Electronics,Product_197,4
Electronics,Product_13,4
Electronics,Product_54,4
Electronics,Product_27,4
Electronics,Product_63,4
Electronics,Product_98,4
Electronics,Product_38,4
Electronics,Product_67,4
Electronics,Product_132,4
Electronics,Product_71,4
Electronics,Product_45,4
Electronics,Product_84,4
Electronics,Product_53,4
Electronics,Product_13,4
Electronics,Product_67,4
Electronics,Product_56,4
Electronics,Product_13,4
Electronics,Product_27,4
Electronics,Product_153,4
Electronics,Product_114,4
Electronics,Product_129,4
Electronics,Product_197,4
Electronics,Product_198,4
Electronics,Product_151,4
Electronics,Product_63,4
Electronics,Product_12,4
Electronics,Product_189,4
Electronics,Product_10,4
Electronics,Product_36,4
Electronics,Product_126,4
Electronics,Product_11,4
Electronics,Product_54,4
Electronics,Product_13,4
Electronics,Product_71,4
Electronics,Product_153,4
Electronics,Product_54,4
Electronics,Product_27,4
Electronics,Product_114,4
Electronics,Product_181,4
Electronics,Product_126,4
Electronics,Product_53,4
Electronics,Product_54,4
Electronics,Product_155,4
Electronics,Product_29,4
Electronics,Product_112,4
Electronics,Product_130,4
Electronics,Product_45,4
Electronics,Product_84,4
Electronics,Product_155,4
Electronics,Product_197,4
Electronics,Product_10,4
Electronics,Product_84,4
Electronics,Product_131,4
Electronics,Product_63,4
Electronics,Product_182,4
Electronics,Product_13,4
Electronics,Product_84,4
Electronics,Product_80,4
Electronics,Product_114,4
Electronics,Product_126,4
Electronics,Product_10,4
Electronics,Product_63,4
Electronics,Product_31,4
Electronics,Product_155,4
Electronics,Product_80,4
Electronics,Product_129,4
Electronics,Product_29,4
Electronics,Product_132,4
Electronics,Product_132,4
Electronics,Product_98,4
Electronics,Product_80,4
Electronics,Product_88,4
Electronics,Product_85,4
Electronics,Product_155,4
Electronics,Product_27,4
Electronics,Product_182,4
Electronics,Product_197,4
Electronics,Product_32,4
Electronics,Product_45,4
Electronics,Product_29,4
Electronics,Product_98,4
Electronics,Product_88,4
Electronics,Product_38,4
Electronics,Product_31,4
Electronics,Product_119,4
Electronics,Product_112,4
Electronics,Product_24,4
Electronics,Product_32,4
Electronics,Product_10,4
Electronics,Product_67,4
Electronics,Product_32,4
Electronics,Product_88,4
Electronics,Product_71,4
Electronics,Product_98,4
Electronics,Product_127,4
Electronics,Product_151,4
Electronics,Product_137,4
Electronics,Product_53,4
Electronics,Product_112,4
Electronics,Product_119,4
Electronics,Product_56,4
Electronics,Product_129,4
Electronics,Product_53,4
Electronics,Product_197,4
Electronics,Product_98,4
Electronics,Product_80,4
Electronics,Product_71,4
Electronics,Product_130,4
Electronics,Product_131,4
Electronics,Product_85,4
Electronics,Product_181,4
Electronics,Product_45,4
Electronics,Product_70,4
Electronics,Product_71,4
Electronics,Product_120,4
Electronics,Product_10,4
Electronics,Product_67,4
Electronics,Product_198,4
Electronics,Product_130,4
Electronics,Product_98,4
Electronics,Product_137,4
Electronics,Product_55,4
Electronics,Product_85,4
Electronics,Product_14,4
Electronics,Product_70,4
Electronics,Product_137,4
Electronics,Product_12,4
Electronics,Product_119,4
Electronics,Product_11,4
Electronics,Product_10,4
Electronics,Product_45,4
Electronics,Product_55,4
Electronics,Product_71,4
Electronics,Product_155,4
Electronics,Product_114,4
Electronics,Product_56,4
Electronics,Product_152,4
Electronics,Product_38,4
Electronics,Product_85,4
Electronics,Product_130,4
Electronics,Product_12,4
Electronics,Product_126,4
Electronics,Product_32,4
Electronics,Product_112,4
Electronics,Product_78,4
Electronics,Product_84,4
Electronics,Product_56,4
Electronics,Product_182,4
Electronics,Product_70,4
Electronics,Product_38,4
Electronics,Product_71,4
Electronics,Product_24,4
Electronics,Product_198,4
Electronics,Product_78,4
Electronics,Product_88,4
Electronics,Product_27,4
Electronics,Product_131,4
Electronics,Product_181,4
Electronics,Product_11,4
Electronics,Product_182,4
Electronics,Product_120,4
Electronics,Product_78,4
Electronics,Product_67,4
Electronics,Product_53,4
Electronics,Product_152,4
Electronics,Product_182,4
Electronics,Product_24,4
Electronics,Product_84,4
Electronics,Product_153,4
Electronics,Product_63,4
Electronics,Product_197,4
Electronics,Product_14,4
Electronics,Product_31,4
Electronics,Product_126,4
Electronics,Product_14,4
Electronics,Product_38,4
Electronics,Product_56,4
Electronics,Product_197,4
Electronics,Product_131,4
Electronics,Product_189,4
Electronics,Product_78,4
Electronics,Product_38,4
Electronics,Product_80,4
Electronics,Product_151,4
Electronics,Product_181,4
Electronics,Product_71,4
Electronics,Product_55,4
Electronics,Product_151,4
Electronics,Product_80,4
Electronics,Product_137,4
Electronics,Product_54,4
Electronics,Product_130,4
Electronics,Product_10,4
Electronics,Product_120,4
Electronics,Product_88,4
Electronics,Product_85,4
Electronics,Product_13,4
Electronics,Product_71,4
Electronics,Product_71,4
Electronics,Product_126,4
Electronics,Product_45,4
Electronics,Product_71,4
Electronics,Product_189,4
Electronics,Product_151,4
Electronics,Product_13,4
Electronics,Product_78,4
Electronics,Product_85,4
Electronics,Product_13,4
Electronics,Product_127,4
Electronics,Product_153,4
Electronics,Product_55,4
Electronics,Product_27,4
Electronics,Product_12,4
Electronics,Product_54,4
Electronics,Product_181,4
Electronics,Product_189,4
Electronics,Product_153,4
Electronics,Product_151,4
Electronics,Product_182,4
Electronics,Product_13,4
Electronics,Product_98,4
Electronics,Product_10,4
Electronics,Product_12,4
Electronics,Product_24,4
Electronics,Product_132,4
Electronics,Product_53,4
Electronics,Product_137,4
Electronics,Product_12,4
Electronics,Product_98,4
Electronics,Product_29,4
Electronics,Product_153,4
Electronics,Product_155,4
Electronics,Product_88,4
Electronics,Product_55,4
Electronics,Product_182,4
Electronics,Product_130,4
Electronics,Product_78,4
Electronics,Product_126,4
Electronics,Product_27,4
Electronics,Product_11,4
Electronics,Product_29,4
Electronics,Product_29,4
Electronics,Product_56,4
Electronics,Product_126,4
Electronics,Product_126,4
Electronics,Product_129,4
Electronics,Product_54,4
"Home & Kitchen",Product_108,4
"Home & Kitchen",Product_77,4
"Home & Kitchen",Product_195,4
"Home & Kitchen",Product_133,4
"Home & Kitchen",Product_81,4
"Home & Kitchen",Product_76,4
"Home & Kitchen",Product_169,4
"Home & Kitchen",Product_15,4
"Home & Kitchen",Product_58,4
"Home & Kitchen",Product_86,4
"Home & Kitchen",Product_116,4
"Home & Kitchen",Product_199,4
"Home & Kitchen",Product_83,4
"Home & Kitchen",Product_83,4
"Home & Kitchen",Product_28,4
"Home & Kitchen",Product_109,4
"Home & Kitchen",Product_136,4
"Home & Kitchen",Product_96,4
"Home & Kitchen",Product_75,4
"Home & Kitchen",Product_8,4
"Home & Kitchen",Product_28,4
"Home & Kitchen",Product_94,4
"Home & Kitchen",Product_154,4
"Home & Kitchen",Product_89,4
"Home & Kitchen",Product_195,4
"Home & Kitchen",Product_184,4
"Home & Kitchen",Product_196,4
"Home & Kitchen",Product_195,4
"Home & Kitchen",Product_57,4
"Home & Kitchen",Product_2,4
"Home & Kitchen",Product_18,4
"Home & Kitchen",Product_75,4
"Home & Kitchen",Product_3,4
"Home & Kitchen",Product_7,4
"Home & Kitchen",Product_76,4
"Home & Kitchen",Product_184,4
"Home & Kitchen",Product_26,4
"Home & Kitchen",Product_194,4
"Home & Kitchen",Product_16,4
"Home & Kitchen",Product_101,4
"Home & Kitchen",Product_195,4
"Home & Kitchen",Product_58,4
"Home & Kitchen",Product_62,4
"Home & Kitchen",Product_83,4
"Home & Kitchen",Product_18,4
"Home & Kitchen",Product_72,4
"Home & Kitchen",Product_199,4
"Home & Kitchen",Product_109,4
"Home & Kitchen",Product_185,4
"Home & Kitchen",Product_101,4
"Home & Kitchen",Product_99,4
"Home & Kitchen",Product_101,4
"Home & Kitchen",Product_15,4
"Home & Kitchen",Product_26,4
"Home & Kitchen",Product_83,4
"Home & Kitchen",Product_72,4
"Home & Kitchen",Product_108,4
"Home & Kitchen",Product_194,4
"Home & Kitchen",Product_59,4
"Home & Kitchen",Product_175,4
"Home & Kitchen",Product_15,4
"Home & Kitchen",Product_73,4
"Home & Kitchen",Product_176,4
"Home & Kitchen",Product_175,4
"Home & Kitchen",Product_30,4
"Home & Kitchen",Product_30,4
"Home & Kitchen",Product_196,4
"Home & Kitchen",Product_169,4
"Home & Kitchen",Product_52,4
"Home & Kitchen",Product_81,4
"Home & Kitchen",Product_106,4
"Home & Kitchen",Product_92,4
"Home & Kitchen",Product_145,4
"Home & Kitchen",Product_136,4
"Home & Kitchen",Product_185,4
"Home & Kitchen",Product_46,4
"Home & Kitchen",Product_94,4
"Home & Kitchen",Product_195,4
"Home & Kitchen",Product_75,4
"Home & Kitchen",Product_77,4
"Home & Kitchen",Product_133,4
"Home & Kitchen",Product_21,4
"Home & Kitchen",Product_195,4
"Home & Kitchen",Product_37,4
"Home & Kitchen",Product_199,4
"Home & Kitchen",Product_96,4
"Home & Kitchen",Product_133,4
"Home & Kitchen",Product_59,4
"Home & Kitchen",Product_81,4
"Home & Kitchen",Product_169,4
"Home & Kitchen",Product_21,4
"Home & Kitchen",Product_30,4
"Home & Kitchen",Product_8,4
"Home & Kitchen",Product_2,4
"Home & Kitchen",Product_171,4
"Home & Kitchen",Product_6,4
"Home & Kitchen",Product_116,4
"Home & Kitchen",Product_185,4
"Home & Kitchen",Product_94,4
"Home & Kitchen",Product_75,4
"Home & Kitchen",Product_195,4
"Home & Kitchen",Product_195,4
"Home & Kitchen",Product_171,4
"Home & Kitchen",Product_73,4
"Home & Kitchen",Product_195,4
"Home & Kitchen",Product_28,4
"Home & Kitchen",Product_96,4
"Home & Kitchen",Product_142,4
"Home & Kitchen",Product_69,4
"Home & Kitchen",Product_106,4
"Home & Kitchen",Product_86,4
"Home & Kitchen",Product_116,4
"Home & Kitchen",Product_57,4
"Home & Kitchen",Product_83,4
"Home & Kitchen",Product_196,4
"Home & Kitchen",Product_30,4
"Home & Kitchen",Product_28,4
"Home & Kitchen",Product_101,4
"Home & Kitchen",Product_83,4
"Home & Kitchen",Product_59,4
"Home & Kitchen",Product_2,4
"Home & Kitchen",Product_64,4
"Home & Kitchen",Product_3,4
"Home & Kitchen",Product_52,4
"Home & Kitchen",Product_96,4
"Home & Kitchen",Product_176,4
"Home & Kitchen",Product_99,4
"Home & Kitchen",Product_169,4
"Home & Kitchen",Product_15,4
"Home & Kitchen",Product_142,4
"Home & Kitchen",Product_34,4
"Home & Kitchen",Product_62,4
"Home & Kitchen",Product_73,4
"Home & Kitchen",Product_191,4
"Home & Kitchen",Product_86,4
"Home & Kitchen",Product_133,4
"Home & Kitchen",Product_199,4
"Home & Kitchen",Product_72,4
"Home & Kitchen",Product_28,4
"Home & Kitchen",Product_94,4
"Home & Kitchen",Product_116,4
"Home & Kitchen",Product_116,4
"Home & Kitchen",Product_64,4
"Home & Kitchen",Product_37,4
"Home & Kitchen",Product_109,4
"Home & Kitchen",Product_52,4
"Home & Kitchen",Product_62,4
"Home & Kitchen",Product_117,4
"Home & Kitchen",Product_89,4
"Home & Kitchen",Product_75,4
"Home & Kitchen",Product_175,4
"Home & Kitchen",Product_77,4
"Home & Kitchen",Product_101,4
"Home & Kitchen",Product_21,4
"Home & Kitchen",Product_81,4
"Home & Kitchen",Product_2,4
"Home & Kitchen",Product_91,4
"Home & Kitchen",Product_57,4
"Home & Kitchen",Product_99,4
"Home & Kitchen",Product_37,4
"Home & Kitchen",Product_175,4
"Home & Kitchen",Product_89,4
"Home & Kitchen",Product_184,4
"Home & Kitchen",Product_89,4
"Home & Kitchen",Product_171,4
"Home & Kitchen",Product_81,4
"Home & Kitchen",Product_73,4
"Home & Kitchen",Product_196,4
"Home & Kitchen",Product_28,4
"Home & Kitchen",Product_69,4
"Home & Kitchen",Product_171,4
"Home & Kitchen",Product_145,4
"Home & Kitchen",Product_37,4
"Home & Kitchen",Product_191,4
"Home & Kitchen",Product_175,4
"Home & Kitchen",Product_8,4
"Home & Kitchen",Product_191,4
"Home & Kitchen",Product_69,4
"Home & Kitchen",Product_7,4
"Home & Kitchen",Product_109,4
"Home & Kitchen",Product_52,4
"Home & Kitchen",Product_117,4
"Home & Kitchen",Product_72,4
"Home & Kitchen",Product_86,4
"Home & Kitchen",Product_171,4
"Home & Kitchen",Product_7,4
"Home & Kitchen",Product_176,4
"Home & Kitchen",Product_199,4
"Home & Kitchen",Product_6,4
"Home & Kitchen",Product_176,4
"Home & Kitchen",Product_101,4
"Home & Kitchen",Product_26,4
"Home & Kitchen",Product_101,4
"Home & Kitchen",Product_117,4
"Home & Kitchen",Product_28,4
"Home & Kitchen",Product_52,4
"Home & Kitchen",Product_15,4
"Home & Kitchen",Product_7,4
"Home & Kitchen",Product_2,4
"Home & Kitchen",Product_184,4
"Home & Kitchen",Product_30,4
"Home & Kitchen",Product_46,4
"Home & Kitchen",Product_77,4
"Home & Kitchen",Product_96,4
"Home & Kitchen",Product_145,4
"Home & Kitchen",Product_89,4
"Home & Kitchen",Product_59,4
"Home & Kitchen",Product_57,4
"Home & Kitchen",Product_21,4
"Home & Kitchen",Product_16,4
"Home & Kitchen",Product_96,4
"Home & Kitchen",Product_30,4
"Home & Kitchen",Product_75,4
"Home & Kitchen",Product_34,4
"Home & Kitchen",Product_195,4
"Home & Kitchen",Product_64,4
"Home & Kitchen",Product_64,4
"Home & Kitchen",Product_7,4
"Home & Kitchen",Product_191,4
"Home & Kitchen",Product_199,4
"Home & Kitchen",Product_185,4
"Home & Kitchen",Product_72,4
"Home & Kitchen",Product_145,4
"Home & Kitchen",Product_58,4
"Home & Kitchen",Product_8,4
"Home & Kitchen",Product_81,4
"Home & Kitchen",Product_142,4
"Home & Kitchen",Product_116,4
"Home & Kitchen",Product_37,4
"Home & Kitchen",Product_2,4
"Home & Kitchen",Product_106,4
"Home & Kitchen",Product_194,4
"Home & Kitchen",Product_136,4
"Home & Kitchen",Product_199,4
"Home & Kitchen",Product_94,4
"Home & Kitchen",Product_89,4
"Home & Kitchen",Product_94,4
"Home & Kitchen",Product_191,4
"Home & Kitchen",Product_92,4
"Home & Kitchen",Product_2,4
"Home & Kitchen",Product_2,4
"Home & Kitchen",Product_7,4
"Home & Kitchen",Product_73,4
"Home & Kitchen",Product_58,4
"Home & Kitchen",Product_89,4
"Home & Kitchen",Product_76,4
"Home & Kitchen",Product_196,4
"Home & Kitchen",Product_194,4
"Home & Kitchen",Product_89,4
"Home & Kitchen",Product_99,4
"Home & Kitchen",Product_8,4
"Home & Kitchen",Product_199,4
"Home & Kitchen",Product_30,4
"Home & Kitchen",Product_7,4
"Home & Kitchen",Product_69,4
"Home & Kitchen",Product_154,4
"Home & Kitchen",Product_52,4
"Home & Kitchen",Product_16,4
"Home & Kitchen",Product_94,4
"Home & Kitchen",Product_18,4
"Home & Kitchen",Product_8,4
"Home & Kitchen",Product_16,4
"Home & Kitchen",Product_76,4
"Home & Kitchen",Product_52,4
"Home & Kitchen",Product_86,4
"Home & Kitchen",Product_3,4
"Home & Kitchen",Product_59,4
"Home & Kitchen",Product_184,4
"Home & Kitchen",Product_195,4
"Home & Kitchen",Product_81,4
"Home & Kitchen",Product_7,4
"Home & Kitchen",Product_171,4
"Home & Kitchen",Product_191,4
"Home & Kitchen",Product_18,4
"Home & Kitchen",Product_154,4
"Home & Kitchen",Product_3,4
"Home & Kitchen",Product_73,4
"Home & Kitchen",Product_81,4
"Home & Kitchen",Product_169,4
"Home & Kitchen",Product_2,4
"Home & Kitchen",Product_6,4
"Home & Kitchen",Product_34,4
"Home & Kitchen",Product_3,4
"Home & Kitchen",Product_171,4
"Home & Kitchen",Product_2,4
"Home & Kitchen",Product_58,4
"Home & Kitchen",Product_15,4
"Home & Kitchen",Product_59,4
"Home & Kitchen",Product_185,4
"Home & Kitchen",Product_92,4
"Home & Kitchen",Product_117,4
"Home & Kitchen",Product_133,4
"Home & Kitchen",Product_62,4
"Home & Kitchen",Product_196,4
"Home & Kitchen",Product_109,4
"Home & Kitchen",Product_171,4
"Home & Kitchen",Product_28,4
"Home & Kitchen",Product_136,4
"Home & Kitchen",Product_171,4
"Home & Kitchen",Product_62,4
"Home & Kitchen",Product_64,4
"Home & Kitchen",Product_75,4
"Home & Kitchen",Product_96,4
"Home & Kitchen",Product_69,4
"Home & Kitchen",Product_57,4
"Home & Kitchen",Product_91,4
"Home & Kitchen",Product_52,4
"Home & Kitchen",Product_191,4
"Home & Kitchen",Product_91,4
"Home & Kitchen",Product_195,4
"Home & Kitchen",Product_46,4
"Home & Kitchen",Product_18,4
"Home & Kitchen",Product_117,4
"Home & Kitchen",Product_185,4
"Home & Kitchen",Product_136,4
"Home & Kitchen",Product_34,4
"Home & Kitchen",Product_92,4
"Home & Kitchen",Product_26,4
"Home & Kitchen",Product_176,4
"Home & Kitchen",Product_169,4
"Home & Kitchen",Product_101,4
"Home & Kitchen",Product_99,4
"Home & Kitchen",Product_171,4
"Home & Kitchen",Product_46,4
"Home & Kitchen",Product_199,4
"Home & Kitchen",Product_191,4
"Home & Kitchen",Product_64,4
"Home & Kitchen",Product_101,4
"Home & Kitchen",Product_185,4
"Home & Kitchen",Product_2,4
"Home & Kitchen",Product_18,4
"Home & Kitchen",Product_15,4
"Home & Kitchen",Product_37,4
"Home & Kitchen",Product_7,4
"Home & Kitchen",Product_57,4
